"DESCRIPTION","DURATION IN MS","NAME","PARENT SUITE","START TIME","STATUS","STOP TIME","SUB SUITE","SUITE","TEST CLASS","TEST METHOD"
"","0","Проверка доступности токена через фикстуру","tests","Thu Oct 01 10:19:40 UTC 2026","passed","Thu Oct 01 10:19:40 UTC 2026","","test_auth","",""
"","222","Частичное обновление бронирования","tests","Thu Oct 01 10:19:41 UTC 2026","passed","Thu Oct 01 10:19:42 UTC 2026","","test_booking_crud","",""
"","74","Получение неизвестного id бронирования","tests","Thu Oct 01 10:19:41 UTC 2026","passed","Thu Oct 01 10:19:41 UTC 2026","","test_booking_crud","",""
"","73","Получение токена неверного пользователя","tests","Thu Oct 01 10:19:40 UTC 2026","passed","Thu Oct 01 10:19:40 UTC 2026","","test_auth","",""
"","439","Полный CRUD-цикл бронирования","tests","Thu Oct 01 10:19:41 UTC 2026","passed","Thu Oct 01 10:19:41 UTC 2026","","test_booking_crud","",""
"","149","Поиск бронирования по id","tests","Thu Oct 01 10:19:41 UTC 2026","passed","Thu Oct 01 10:19:41 UTC 2026","","test_booking_crud","",""
"","74","Проверка пинга создания","tests","Thu Oct 01 10:19:42 UTC 2026","passed","Thu Oct 01 10:19:42 UTC 2026","","test_ping","",""
"","297","Получение токена","tests","Thu Oct 01 10:19:40 UTC 2026","passed","Thu Oct 01 10:19:40 UTC 2026","","test_auth","",""
"","73","Проверка пинга","tests","Thu Oct 01 10:19:42 UTC 2026","passed","Thu Oct 01 10:19:42 UTC 2026","","test_ping","",""
"","216","Получение id бронирования","tests","Thu Oct 01 10:19:40 UTC 2026","passed","Thu Oct 01 10:19:41 UTC 2026","","test_booking_crud","",""
"","74","Создание бронирования","tests","Thu Oct 01 10:19:41 UTC 2026","passed","Thu Oct 01 10:19:41 UTC 2026","","test_booking_crud","",""
"","73","Создание бронирование без требуемых полей","tests","Thu Oct 01 10:19:42 UTC 2026","passed","Thu Oct 01 10:19:42 UTC 2026","","test_booking_crud","",""
